URL,Last crawled
https://donationtransparency.org/10-factors-influencing-public-trust-in-charities/,2025-07-20
https://donationtransparency.org/10-essential-crowdfunding-transparency-metrics-for-successful-campaigns/,2025-07-20
https://donationtransparency.org/how-to-verify-charity-legitimacy-in-5-steps/,2025-07-20
https://donationtransparency.org/tag/trustworthiness-assessment/,2025-07-17
https://donationtransparency.org/tag/fund-allocation-metrics/,2025-07-17
https://donationtransparency.org/tag/form-990-filing-requirements/,2025-07-17
https://donationtransparency.org/search?q=%7Bsearch_term_string%7D,2025-07-15
https://donationtransparency.org/author/user/page/2/,2025-07-13
https://donationtransparency.org/tag/nonprofit-organization/,2025-07-12
https://donationtransparency.org/7-strategies-for-navigating-legal/,2025-07-12
https://donationtransparency.org/tag/nonprofit-development/,2025-07-11
https://donationtransparency.org/esg-donation-reporting/,2025-07-10
https://donationtransparency.org/blog/,2025-07-10
https://donationtransparency.org/category/charity-evaluation/,2025-07-10
https://donationtransparency.org/about-us/,2025-07-10
https://donationtransparency.org/category/corporate-donation-transparency/,2025-07-10
https://donationtransparency.org/overview-of-charity-evaluation-methods/,2025-07-10
https://donationtransparency.org/strengthening-donor-trust/,2025-07-09
https://donationtransparency.org/key-principles-of-transparent-donations/,2025-07-09
https://donationtransparency.org/10-essential-irs-form-990-filing-requirements-for-nonprofits/,2025-07-09
https://donationtransparency.org/donor-sim-dashboard/,2025-07-09
https://donationtransparency.org/tag/transparency-standards/,2025-07-09
https://donationtransparency.org/my-account/,2025-07-07
https://donationtransparency.org/blog/page/3/,2025-07-05
https://donationtransparency.org/category/donation-scams-prevention/,2025-07-05
https://donationtransparency.org/tag/charitable-donations/,2025-07-05
https://donationtransparency.org/how-donation-transparency-is-revolutionizing-the-crowdfunding-landscape/,2025-07-05
https://donationtransparency.org/tag/charity-watchdog/,2025-07-05
https://donationtransparency.org/tag/backer-communication/,2025-07-04
https://donationtransparency.org/registration/,2025-07-04
https://donationtransparency.org/tag/progress-tracking/,2025-07-03
https://donationtransparency.org/tag/impact-reporting/,2025-07-03
https://donationtransparency.org/select-role/,2025-07-02
https://donationtransparency.org/donor-dash/,2025-07-02
https://donationtransparency.org/tag/transparency-reporting/,2025-07-02
https://donationtransparency.org/donor-sim-2/,2025-07-02
https://donationtransparency.org/tag/data-accountability/,2025-07-02
https://donationtransparency.org/tag/financial-transparency/,2025-07-02
https://donationtransparency.org/tag/fiscal-responsibility/,2025-07-02
https://donationtransparency.org/category/ethical-fundraising-practices/,2025-07-02
https://donationtransparency.org/10-best-practices-for-global-donation-transparency/,2025-07-02
https://donationtransparency.org/contact-us/,2025-07-02
https://donationtransparency.org/tag/nonprofit-tax-compliance/,2025-07-02
https://donationtransparency.org/tag/donation-accountability/,2025-07-02
https://donationtransparency.org/tag/charity-watchdog/feed/,2025-06-30
https://donationtransparency.org/understanding/empowering-generations-how-donationtransparency-aligns-with-millennial-and-gen-zs-vision-for-transparent-advocacy-and-philanthropy/,2025-06-30
https://donationtransparency.org/dispelling-donation-myths/,2025-06-30
https://donationtransparency.org/building-donor-trust-through-transparency-lessons-from-montana-nonprofits/,2025-06-29
https://donationtransparency.org/forget-annual-reports-real-time-donation-tracking-is-the-new-trust-builder/,2025-06-29
https://donationtransparency.org/tag/campaign-success-metrics/,2025-06-29
https://donationtransparency.org/tag/charity-transparency/,2025-06-28
https://donationtransparency.org/legal-frameworks-for-donations/7-strategies-for-navigating-legal/,2025-06-26
https://donationtransparency.org/donation-scams-prevention/,2025-06-25
https://donationtransparency.org/tag/charity-governance/,2025-06-25
https://www.donationtransparency.org/contact-us/,2025-06-24
https://donationtransparency.org/charity-evaluation/overview-of-charity-evaluation-methods/,2025-06-24
https://donationtransparency.org/nonprofit-reporting-requirements/10-essential-irs-form-990-filing-requirements-for-nonprofits/,2025-06-24
https://donationtransparency.org/fadoa,2025-06-24
https://donationtransparency.org/crowdfunding-transparency/,2025-06-24
https://donationtransparency.org/registration-2/,2025-06-24
https://donationtransparency.org/building-nonprofit-accountability,2025-06-24
https://donationtransparency.org/about-us,2025-06-23
https://donationtransparency.org/international-donation-standards/10-best-practices-for-global-donation-transparency/,2025-06-23
https://donationtransparency.org/understanding/from-dollars-to-change-how-donation-transparency-drives-mission-success/,2025-06-23
https://app.donationtransparency.org/terms,2025-06-22
https://donationtransparency.org/transparency/strengthening-donor-trust/,2025-06-22
https://donationtransparency.org/transparency/building-nonprofit-accountability/,2025-06-22
https://donationtransparency.org/strengthening-donor-trust,2025-06-22
https://donationtransparency.org/tag/charity-verification/,2025-06-22
https://donationtransparency.org/tag/global-philanthropy/,2025-06-21
https://donationtransparency.org/guides/trust-dashboard.html,2025-06-21
https://donationtransparency.org/blog/3/,2025-06-21
https://donationtransparency.org/blog/2/,2025-06-21
https://donationtransparency.org/guides/automated-reporting.html,2025-06-21
https://www.donationtransparency.org/2023/,2025-06-21
https://donationtransparency.org/guides/real-time-tracking.html,2025-06-21
https://donationtransparency.org/transparency/forget-annual-reports-real-time-donation-tracking-is-the-new-trust-builder/,2025-06-20
https://donationtransparency.org/understanding/key-principles-of-transparent-donations/,2025-06-20
https://donationtransparency.org/2023/,2025-06-19
https://donationtransparency.org/transparency/how-donation-transparency-is-revolutionizing-the-crowdfunding-landscape/,2025-06-19
https://app.donationtransparency.org/building-trust-amp-accountability-why-nonprofits-need-donation-transparency,2025-06-19
https://app.donationtransparency.org/the-future-of-giving-why-donation-transparency-is-changing-the-game,2025-06-19
https://app.donationtransparency.org/busting-myths-dispelling-misconceptions-about-donation-transparency,2025-06-19
https://app.donationtransparency.org/track-your-impact-how-donation-transparency-empowers-giving,2025-06-19
https://donationtransparency.org/terms,2025-06-14
https://donationtransparency.org/2470-2/,2025-06-09
https://www.donationtransparency.org/locations.kml,2025-06-05
https://donationtransparency.org/donation-checkout/,2025-06-03
https://donationtransparency.org/fiveharvest2/,2025-05-29
https://donationtransparency.org/legal-frameworks-for-donations/,2025-05-05
https://donationtransparency.org/pledge/,2025-02-15